lastname,firstname,picture
fake0last,fake0first,fake.png
fake1last,fake1first,fake.png
fake2last,fake2first,fake.png
fake3last,fake3first,fake.png
fake4last,fake4first,fake.png
fake5last,fake5first,fake.png
fake6last,fake6first,fake.png
fake7last,fake7first,fake.png
fake8last,fake8first,fake.png
fake9last,fake9first,fake.png
fake10last,fake10first,fake.png
fake11last,fake11first,fake.png
fake12last,fake12first,fake.png
fake13last,fake13first,fake.png
fake14last,fake14first,fake.png
fake15last,fake15first,fake.png
fake16last,fake16first,fake.png
fake17last,fake17first,fake.png
fake18last,fake18first,fake.png
fake19last,fake19first,fake.png
fake20last,fake20first,fake.png
fake21last,fake21first,fake.png
fake22last,fake22first,fake.png
fake23last,fake23first,fake.png
fake24last,fake24first,fake.png
fake25last,fake25first,fake.png
fake26last,fake26first,fake.png
fake27last,fake27first,fake.png
fake28last,fake28first,fake.png
fake29last,fake29first,fake.png

